video,subtitle,predicted_label,confidence
1.mp4,1.txt,1,0.9898729192197256
2.mp4,2.txt,1,1.0
3.mp4,3.txt,1,0.9924243565517473
4.mp4,4.txt,0,0.9821959660172069
5.mp4,5.txt,0,0.9187983312409354
